INSERT INTO problem (id, url, problem_num, title, rate) VALUES (4, 'https://www.acmicpc.net/problem/1100', 1100, '하얀 칸', 3.33);
INSERT INTO problem (id, url, problem_num, title, rate) VALUES (5, 'https://www.acmicpc.net/problem/1101', 1101, '카드 정리 1', 2);
INSERT INTO problem (id, url, problem_num, title, rate) VALUES (6, 'https://www.acmicpc.net/problem/1102', 1102, '발전소', 2);
INSERT INTO problem (id, url, problem_num, title, rate) VALUES (7, 'https://www.acmicpc.net/problem/1103', 1103, '게임', 2);
INSERT INTO problem (id, url, problem_num, title, rate) VALUES (8, 'https://www.acmicpc.net/problem/1104', 1104, '패턴', 3.5);
INSERT INTO problem (id, url, problem_num, title, rate) VALUES (9, 'https://www.acmicpc.net/problem/1105', 1105, '팔', 5);
INSERT INTO problem (id, url, problem_num, title, rate) VALUES (10, 'https://www.acmicpc.net/problem/1106', 1106, '호텔', 3);
INSERT INTO problem (id, url, problem_num, title, rate) VALUES (11, 'https://www.acmicpc.net/problem/1107', 1107, '리모컨', 2);
INSERT INTO problem (id, url, problem_num, title, rate) VALUES (12, 'https://www.acmicpc.net/problem/1108', 1108, '검색 엔진', 1);
INSERT INTO problem (id, url, problem_num, title, rate) VALUES (13, 'https://www.acmicpc.net/problem/1109', 1109, '섬', 5);
INSERT INTO problem (id, url, problem_num, title, rate) VALUES (14, 'https://www.acmicpc.net/problem/1110', 1110, '더하기 사이클', 2);
INSERT INTO problem (id, url, problem_num, title, rate) VALUES (15, 'https://www.acmicpc.net/problem/1111', 1111, 'IQ TEST', 4);
INSERT INTO problem (id, url, problem_num, title, rate) VALUES (16, 'https://www.acmicpc.net/problem/1112', 1112, '진법 변환', 5);
INSERT INTO problem (id, url, problem_num, title, rate) VALUES (17, 'https://www.acmicpc.net/problem/1113', 1113, '수영장 만들기', 3.5);
INSERT INTO problem (id, url, problem_num, title, rate) VALUES (18, 'https://www.acmicpc.net/problem/1114', 1114, '통나무 자르기', 2);
INSERT INTO problem (id, url, problem_num, title, rate) VALUES (19, 'https://www.acmicpc.net/problem/1115', 1115, '순열', 5); ## 여기까지 함
INSERT INTO problem (id, url, problem_num, title, rate) VALUES (20, 'https://www.acmicpc.net/problem/1116', 1116, '순열 2', 5);
INSERT INTO problem (id, url, problem_num, title, rate) VALUES (21, 'https://www.acmicpc.net/problem/1117', 1117, '색칠 1 ', 5);
INSERT INTO problem (id, url, problem_num, title, rate) VALUES (22, 'https://www.acmicpc.net/problem/1118', 1118, '색칠 2', 3);
INSERT INTO problem (id, url, problem_num, title, rate) VALUES (23, 'https://www.acmicpc.net/problem/1119', 1119, '그래프', 3.5);
INSERT INTO problem (id, url, problem_num, title, rate) VALUES (24, 'https://www.acmicpc.net/problem/1120', 1120, '문자열', 3);
INSERT INTO problem (id, url, problem_num, title, rate) VALUES (25, 'https://www.acmicpc.net/problem/1121', 1121, '도형', 4);
INSERT INTO problem (id, url, problem_num, title, rate) VALUES (26, 'https://www.acmicpc.net/problem/1122', 1122, '뒤집기', 4);
INSERT INTO problem (id, url, problem_num, title, rate) VALUES (27, 'https://www.acmicpc.net/problem/1123', 1123, '셔플', 3);
INSERT INTO problem (id, url, problem_num, title, rate) VALUES (28, 'https://www.acmicpc.net/problem/1124', 1124, '언더프라임', 2.5);
INSERT INTO problem (id, url, problem_num, title, rate) VALUES (29, 'https://www.acmicpc.net/problem/1125', 1125, '바닥 장식', 1.5);
INSERT INTO problem (id, url, problem_num, title, rate) VALUES (30, 'https://www.acmicpc.net/problem/1126', 1126, '같은 탑', 2);
INSERT INTO problem (id, url, problem_num, title, rate) VALUES (31, 'https://www.acmicpc.net/problem/1127', 1127, '떡국', 4);
INSERT INTO problem (id, url, problem_num, title, rate) VALUES (32, 'https://www.acmicpc.net/problem/1128', 1128, '피보나치 냅색', 2);
INSERT INTO problem (id, url, problem_num, title, rate) VALUES (33, 'https://www.acmicpc.net/problem/1129', 1129, '키', 3.5);
INSERT INTO problem (id, url, problem_num, title, rate) VALUES (34, 'https://www.acmicpc.net/problem/1130', 1130, '종이 레이싱', 2.5);
INSERT INTO problem (id, url, problem_num, title, rate) VALUES (35, 'https://www.acmicpc.net/problem/1131', 1131, '숫자', 1);
INSERT INTO problem (id, url, problem_num, title, rate) VALUES (36, 'https://www.acmicpc.net/problem/1132', 1132, '합', 3.5);
INSERT INTO problem (id, url, problem_num, title, rate) VALUES (37, 'https://www.acmicpc.net/problem/1133', 1133, '반복되지 않는 단어', 3);
INSERT INTO problem (id, url, problem_num, title, rate) VALUES (38, 'https://www.acmicpc.net/problem/1134', 1134, '식', 4);
INSERT INTO opinion (problem_id, rate, comment, user_id) VALUES (4, 5, '입출력 형식이 특이해서 재미있었어요.', '2401');
INSERT INTO opinion (problem_id, rate, comment, user_id) VALUES (4, 2, '입력 조건이 흥미로웠어요.', '2400');
INSERT INTO opinion (problem_id, rate, comment, user_id) VALUES (4, 3, '다소 까다로웠습니다.', '2406');
INSERT INTO opinion (problem_id, rate, comment, user_id) VALUES (5, 2, '실전 감각을 익히기에 좋은 문제였어요.', '2405');
INSERT INTO opinion (problem_id, rate, comment, user_id) VALUES (6, 2, '다양한 개념이 잘 융합되어 있었어요.', '2400');
INSERT INTO opinion (problem_id, rate, comment, user_id) VALUES (7, 2, '실수하기 쉬운 포인트가 있었어요.', '2411');
INSERT INTO opinion (problem_id, rate, comment, user_id) VALUES (7, 2, '입출력 형식이 특이해서 재미있었어요.', '2400');
INSERT INTO opinion (problem_id, rate, comment, user_id) VALUES (8, 3, '디버깅하면서 많은 걸 배웠습니다.', '2405');
INSERT INTO opinion (problem_id, rate, comment, user_id) VALUES (8, 4, '디버깅하면서 많은 걸 배웠습니다.', '2411');
INSERT INTO opinion (problem_id, rate, comment, user_id) VALUES (9, 5, '자료구조를 복습하기 좋았어요.', '2411');
INSERT INTO opinion (problem_id, rate, comment, user_id) VALUES (10, 5, '다소 까다로웠습니다.', '2405');
INSERT INTO opinion (problem_id, rate, comment, user_id) VALUES (10, 4, '실수하기 쉬운 포인트가 있었어요.', '2400');
INSERT INTO opinion (problem_id, rate, comment, user_id) VALUES (11, 2, '실수하기 쉬운 포인트가 있었어요.', '2405');
INSERT INTO opinion (problem_id, rate, comment, user_id) VALUES (11, 2, '실수하기 쉬운 포인트가 있었어요.', '2400');
INSERT INTO opinion (problem_id, rate, comment, user_id) VALUES (12, 1, '실전 감각을 익히기에 좋은 문제였어요.', '2405');
INSERT INTO opinion (problem_id, rate, comment, user_id) VALUES (13, 5, '문제 이해에 시간이 걸렸지만 유익했습니다.', '2411');
INSERT INTO opinion (problem_id, rate, comment, user_id) VALUES (14, 1, '문제 이해에 시간이 걸렸지만 유익했습니다.', '2400');
INSERT INTO opinion (problem_id, rate, comment, user_id) VALUES (14, 3, '입력 조건이 흥미로웠어요.', '2406');
INSERT INTO opinion (problem_id, rate, comment, user_id) VALUES (15, 4, '풀이 방법이 여러 개여서 흥미로웠어요.', '2402');
INSERT INTO opinion (problem_id, rate, comment, user_id) VALUES (16, 5, '알고리즘을 공부하기에 적합했어요.', '2401');
INSERT INTO opinion (problem_id, rate, comment, user_id) VALUES (16, 5, '실수하기 쉬운 포인트가 있었어요.', '2405');
INSERT INTO opinion (problem_id, rate, comment, user_id) VALUES (17, 3, '입출력 형식이 특이해서 재미있었어요.', '2402');
INSERT INTO opinion (problem_id, rate, comment, user_id) VALUES (17, 4, '실수하기 쉬운 포인트가 있었어요.', '2405');
INSERT INTO opinion (problem_id, rate, comment, user_id) VALUES (18, 2, '디버깅하면서 많은 걸 배웠습니다.', '2406');
INSERT INTO opinion (problem_id, rate, comment, user_id) VALUES (19, 5, '자료구조를 복습하기 좋았어요.', '2411');
INSERT INTO opinion (problem_id, rate, comment, user_id) VALUES (20, 5, '좋은 문제였습니다.', '2400');
INSERT INTO opinion (problem_id, rate, comment, user_id) VALUES (21, 5, '자료구조를 복습하기 좋았어요.', '2400');
INSERT INTO opinion (problem_id, rate, comment, user_id) VALUES (22, 1, '입력 조건이 흥미로웠어요.', '2400');
INSERT INTO opinion (problem_id, rate, comment, user_id) VALUES (22, 5, '입력 조건이 흥미로웠어요.', '2406');
INSERT INTO opinion (problem_id, rate, comment, user_id) VALUES (23, 2, '디버깅하면서 많은 걸 배웠습니다.', '2405');
INSERT INTO opinion (problem_id, rate, comment, user_id) VALUES (23, 5, '입력 조건이 흥미로웠어요.', '2401');
INSERT INTO opinion (problem_id, rate, comment, user_id) VALUES (24, 1, '풀이 방법이 여러 개여서 흥미로웠어요.', '2406');
INSERT INTO opinion (problem_id, rate, comment, user_id) VALUES (24, 3, '좋은 문제였습니다.', '2400');
INSERT INTO opinion (problem_id, rate, comment, user_id) VALUES (24, 5, '자료구조를 복습하기 좋았어요.', '2411');
INSERT INTO opinion (problem_id, rate, comment, user_id) VALUES (25, 4, '예외 케이스를 생각하게 만들었습니다.', '2406');
INSERT INTO opinion (problem_id, rate, comment, user_id) VALUES (25, 4, '입출력 형식이 특이해서 재미있었어요.', '2405');
INSERT INTO opinion (problem_id, rate, comment, user_id) VALUES (26, 4, '문제 이해에 시간이 걸렸지만 유익했습니다.', '2402');
INSERT INTO opinion (problem_id, rate, comment, user_id) VALUES (27, 3, '입력 조건이 흥미로웠어요.', '2405');
INSERT INTO opinion (problem_id, rate, comment, user_id) VALUES (28, 3, '알고리즘을 공부하기에 적합했어요.', '2401');
INSERT INTO opinion (problem_id, rate, comment, user_id) VALUES (28, 2, '문제 이해에 시간이 걸렸지만 유익했습니다.', '2411');
INSERT INTO opinion (problem_id, rate, comment, user_id) VALUES (29, 1, '입출력 형식이 특이해서 재미있었어요.', '2401');
INSERT INTO opinion (problem_id, rate, comment, user_id) VALUES (29, 2, '입력 조건이 흥미로웠어요.', '2402');
INSERT INTO opinion (problem_id, rate, comment, user_id) VALUES (30, 2, '디버깅하면서 많은 걸 배웠습니다.', '2405');
INSERT INTO opinion (problem_id, rate, comment, user_id) VALUES (30, 2, '문제 이해에 시간이 걸렸지만 유익했습니다.', '2411');
INSERT INTO opinion (problem_id, rate, comment, user_id) VALUES (31, 5, '자료구조를 복습하기 좋았어요.', '2402');
INSERT INTO opinion (problem_id, rate, comment, user_id) VALUES (31, 3, '입출력 형식이 특이해서 재미있었어요.', '2406');
INSERT INTO opinion (problem_id, rate, comment, user_id) VALUES (32, 2, '예외 케이스를 생각하게 만들었습니다.', '2401');
INSERT INTO opinion (problem_id, rate, comment, user_id) VALUES (33, 3, '좋은 문제였습니다.', '2411');
INSERT INTO opinion (problem_id, rate, comment, user_id) VALUES (33, 4, '다양한 개념이 잘 융합되어 있었어요.', '2400');
INSERT INTO opinion (problem_id, rate, comment, user_id) VALUES (34, 4, '디버깅하면서 많은 걸 배웠습니다.', '2406');
INSERT INTO opinion (problem_id, rate, comment, user_id) VALUES (34, 1, '입출력 형식이 특이해서 재미있었어요.', '2401');
INSERT INTO opinion (problem_id, rate, comment, user_id) VALUES (35, 1, '알고리즘을 공부하기에 적합했어요.', '2400');
INSERT INTO opinion (problem_id, rate, comment, user_id) VALUES (36, 4, '자료구조를 복습하기 좋았어요.', '2406');
INSERT INTO opinion (problem_id, rate, comment, user_id) VALUES (36, 3, '입력 조건이 흥미로웠어요.', '2411');
INSERT INTO opinion (problem_id, rate, comment, user_id) VALUES (37, 2, '실전 감각을 익히기에 좋은 문제였어요.', '2401');
INSERT INTO opinion (problem_id, rate, comment, user_id) VALUES (37, 4, '풀이 방법이 여러 개여서 흥미로웠어요.', '2405');
INSERT INTO opinion (problem_id, rate, comment, user_id) VALUES (38, 4, '디버깅하면서 많은 걸 배웠습니다.', '2400');

INSERT INTO opinion_category (opinion_id, category_id) VALUES (1, 2);
INSERT INTO opinion_category (opinion_id, category_id) VALUES (3, 3);
INSERT INTO opinion_category (opinion_id, category_id) VALUES (3, 5);
INSERT INTO opinion_category (opinion_id, category_id) VALUES (4, 2);
INSERT INTO opinion_category (opinion_id, category_id) VALUES (4, 3);
INSERT INTO opinion_category (opinion_id, category_id) VALUES (5, 1);
INSERT INTO opinion_category (opinion_id, category_id) VALUES (6, 1);
INSERT INTO opinion_category (opinion_id, category_id) VALUES (6, 3);
INSERT INTO opinion_category (opinion_id, category_id) VALUES (7, 5);
INSERT INTO opinion_category (opinion_id, category_id) VALUES (7, 1);
INSERT INTO opinion_category (opinion_id, category_id) VALUES (8, 2);
INSERT INTO opinion_category (opinion_id, category_id) VALUES (8, 5);
INSERT INTO opinion_category (opinion_id, category_id) VALUES (9, 3);
INSERT INTO opinion_category (opinion_id, category_id) VALUES (9, 4);
INSERT INTO opinion_category (opinion_id, category_id) VALUES (10, 4);
INSERT INTO opinion_category (opinion_id, category_id) VALUES (10, 3);
INSERT INTO opinion_category (opinion_id, category_id) VALUES (11, 2);
INSERT INTO opinion_category (opinion_id, category_id) VALUES (11, 5);
INSERT INTO opinion_category (opinion_id, category_id) VALUES (12, 2);
INSERT INTO opinion_category (opinion_id, category_id) VALUES (13, 3);
INSERT INTO opinion_category (opinion_id, category_id) VALUES (14, 5);
INSERT INTO opinion_category (opinion_id, category_id) VALUES (15, 5);
INSERT INTO opinion_category (opinion_id, category_id) VALUES (15, 2);
INSERT INTO opinion_category (opinion_id, category_id) VALUES (16, 4);
INSERT INTO opinion_category (opinion_id, category_id) VALUES (17, 5);
INSERT INTO opinion_category (opinion_id, category_id) VALUES (18, 1);
INSERT INTO opinion_category (opinion_id, category_id) VALUES (19, 2);
INSERT INTO opinion_category (opinion_id, category_id) VALUES (19, 5);
INSERT INTO opinion_category (opinion_id, category_id) VALUES (20, 4);
INSERT INTO opinion_category (opinion_id, category_id) VALUES (20, 3);
INSERT INTO opinion_category (opinion_id, category_id) VALUES (21, 3);
INSERT INTO opinion_category (opinion_id, category_id) VALUES (21, 4);
INSERT INTO opinion_category (opinion_id, category_id) VALUES (22, 1);
INSERT INTO opinion_category (opinion_id, category_id) VALUES (22, 4);
INSERT INTO opinion_category (opinion_id, category_id) VALUES (23, 1);
INSERT INTO opinion_category (opinion_id, category_id) VALUES (23, 3);
INSERT INTO opinion_category (opinion_id, category_id) VALUES (24, 4);
INSERT INTO opinion_category (opinion_id, category_id) VALUES (24, 5);
INSERT INTO opinion_category (opinion_id, category_id) VALUES (25, 5);
INSERT INTO opinion_category (opinion_id, category_id) VALUES (25, 4);
INSERT INTO opinion_category (opinion_id, category_id) VALUES (26, 2);
INSERT INTO opinion_category (opinion_id, category_id) VALUES (27, 1);
INSERT INTO opinion_category (opinion_id, category_id) VALUES (27, 4);
INSERT INTO opinion_category (opinion_id, category_id) VALUES (28, 3);
INSERT INTO opinion_category (opinion_id, category_id) VALUES (29, 4);
INSERT INTO opinion_category (opinion_id, category_id) VALUES (29, 5);
INSERT INTO opinion_category (opinion_id, category_id) VALUES (30, 2);
INSERT INTO opinion_category (opinion_id, category_id) VALUES (30, 3);
INSERT INTO opinion_category (opinion_id, category_id) VALUES (31, 3);
INSERT INTO opinion_category (opinion_id, category_id) VALUES (32, 1);
INSERT INTO opinion_category (opinion_id, category_id) VALUES (33, 2);
INSERT INTO opinion_category (opinion_id, category_id) VALUES (33, 5);
INSERT INTO opinion_category (opinion_id, category_id) VALUES (34, 4);
INSERT INTO opinion_category (opinion_id, category_id) VALUES (35, 4);
INSERT INTO opinion_category (opinion_id, category_id) VALUES (35, 2);
INSERT INTO opinion_category (opinion_id, category_id) VALUES (36, 5);
INSERT INTO opinion_category (opinion_id, category_id) VALUES (36, 3);
INSERT INTO opinion_category (opinion_id, category_id) VALUES (37, 1);
INSERT INTO opinion_category (opinion_id, category_id) VALUES (38, 1);
INSERT INTO opinion_category (opinion_id, category_id) VALUES (39, 2);
INSERT INTO opinion_category (opinion_id, category_id) VALUES (39, 4);
INSERT INTO opinion_category (opinion_id, category_id) VALUES (40, 3);
INSERT INTO opinion_category (opinion_id, category_id) VALUES (40, 5);
INSERT INTO opinion_category (opinion_id, category_id) VALUES (41, 4);
INSERT INTO opinion_category (opinion_id, category_id) VALUES (41, 5);
INSERT INTO opinion_category (opinion_id, category_id) VALUES (42, 3);
INSERT INTO opinion_category (opinion_id, category_id) VALUES (42, 2);
INSERT INTO opinion_category (opinion_id, category_id) VALUES (43, 1);
INSERT INTO opinion_category (opinion_id, category_id) VALUES (43, 5);
INSERT INTO opinion_category (opinion_id, category_id) VALUES (44, 2);
INSERT INTO opinion_category (opinion_id, category_id) VALUES (44, 3);
INSERT INTO opinion_category (opinion_id, category_id) VALUES (45, 2);
INSERT INTO opinion_category (opinion_id, category_id) VALUES (46, 4);
INSERT INTO opinion_category (opinion_id, category_id) VALUES (47, 1);
INSERT INTO opinion_category (opinion_id, category_id) VALUES (47, 3);
INSERT INTO opinion_category (opinion_id, category_id) VALUES (48, 2);
INSERT INTO opinion_category (opinion_id, category_id) VALUES (48, 5);
INSERT INTO opinion_category (opinion_id, category_id) VALUES (49, 1);
INSERT INTO opinion_category (opinion_id, category_id) VALUES (50, 2);
INSERT INTO opinion_category (opinion_id, category_id) VALUES (50, 4);
INSERT INTO opinion_category (opinion_id, category_id) VALUES (51, 3);
INSERT INTO opinion_category (opinion_id, category_id) VALUES (51, 5);
INSERT INTO opinion_category (opinion_id, category_id) VALUES (52, 4);
INSERT INTO opinion_category (opinion_id, category_id) VALUES (53, 1);
INSERT INTO opinion_category (opinion_id, category_id) VALUES (53, 3);
INSERT INTO opinion_category (opinion_id, category_id) VALUES (54, 5);
INSERT INTO opinion_category (opinion_id, category_id) VALUES (54, 2);
INSERT INTO opinion_category (opinion_id, category_id) VALUES (55, 3);
INSERT INTO opinion_category (opinion_id, category_id) VALUES (55, 5);
INSERT INTO opinion_category (opinion_id, category_id) VALUES (56, 3);
INSERT INTO opinion_category (opinion_id, category_id) VALUES (57, 5);
INSERT INTO opinion_category (opinion_id, category_id) VALUES (57, 4);
INSERT INTO opinion_category (opinion_id, category_id) VALUES (58, 3);
INSERT INTO opinion_category (opinion_id, category_id) VALUES (59, 2);
INSERT INTO opinion_category (opinion_id, category_id) VALUES (59, 5);
INSERT INTO opinion_category (opinion_id, category_id) VALUES (60, 1);
INSERT INTO opinion_category (opinion_id, category_id) VALUES (60, 4);

INSERT INTO opinion_feedback_category (opinion_id, feedback_category_id) VALUES (1, 1);
INSERT INTO opinion_feedback_category (opinion_id, feedback_category_id) VALUES (1, 2);
INSERT INTO opinion_feedback_category (opinion_id, feedback_category_id) VALUES (4, 4);
INSERT INTO opinion_feedback_category (opinion_id, feedback_category_id) VALUES (5, 2);
INSERT INTO opinion_feedback_category (opinion_id, feedback_category_id) VALUES (5, 1);
INSERT INTO opinion_feedback_category (opinion_id, feedback_category_id) VALUES (6, 4);
INSERT INTO opinion_feedback_category (opinion_id, feedback_category_id) VALUES (6, 2);
INSERT INTO opinion_feedback_category (opinion_id, feedback_category_id) VALUES (7, 4);
INSERT INTO opinion_feedback_category (opinion_id, feedback_category_id) VALUES (8, 4);
INSERT INTO opinion_feedback_category (opinion_id, feedback_category_id) VALUES (8, 1);
INSERT INTO opinion_feedback_category (opinion_id, feedback_category_id) VALUES (9, 2);
INSERT INTO opinion_feedback_category (opinion_id, feedback_category_id) VALUES (10, 1);
INSERT INTO opinion_feedback_category (opinion_id, feedback_category_id) VALUES (10, 2);
INSERT INTO opinion_feedback_category (opinion_id, feedback_category_id) VALUES (11, 3);
INSERT INTO opinion_feedback_category (opinion_id, feedback_category_id) VALUES (12, 3);
INSERT INTO opinion_feedback_category (opinion_id, feedback_category_id) VALUES (13, 4);
INSERT INTO opinion_feedback_category (opinion_id, feedback_category_id) VALUES (14, 3);
INSERT INTO opinion_feedback_category (opinion_id, feedback_category_id) VALUES (15, 1);
INSERT INTO opinion_feedback_category (opinion_id, feedback_category_id) VALUES (15, 3);
INSERT INTO opinion_feedback_category (opinion_id, feedback_category_id) VALUES (16, 4);
INSERT INTO opinion_feedback_category (opinion_id, feedback_category_id) VALUES (16, 1);
INSERT INTO opinion_feedback_category (opinion_id, feedback_category_id) VALUES (17, 1);
INSERT INTO opinion_feedback_category (opinion_id, feedback_category_id) VALUES (17, 4);
INSERT INTO opinion_feedback_category (opinion_id, feedback_category_id) VALUES (18, 3);
INSERT INTO opinion_feedback_category (opinion_id, feedback_category_id) VALUES (18, 2);
INSERT INTO opinion_feedback_category (opinion_id, feedback_category_id) VALUES (19, 3);
INSERT INTO opinion_feedback_category (opinion_id, feedback_category_id) VALUES (19, 1);
INSERT INTO opinion_feedback_category (opinion_id, feedback_category_id) VALUES (20, 3);
INSERT INTO opinion_feedback_category (opinion_id, feedback_category_id) VALUES (20, 2);
INSERT INTO opinion_feedback_category (opinion_id, feedback_category_id) VALUES (21, 3);
INSERT INTO opinion_feedback_category (opinion_id, feedback_category_id) VALUES (21, 1);
INSERT INTO opinion_feedback_category (opinion_id, feedback_category_id) VALUES (22, 2);
INSERT INTO opinion_feedback_category (opinion_id, feedback_category_id) VALUES (23, 2);
INSERT INTO opinion_feedback_category (opinion_id, feedback_category_id) VALUES (23, 4);
INSERT INTO opinion_feedback_category (opinion_id, feedback_category_id) VALUES (24, 2);
INSERT INTO opinion_feedback_category (opinion_id, feedback_category_id) VALUES (25, 3);
INSERT INTO opinion_feedback_category (opinion_id, feedback_category_id) VALUES (26, 4);
INSERT INTO opinion_feedback_category (opinion_id, feedback_category_id) VALUES (26, 3);
INSERT INTO opinion_feedback_category (opinion_id, feedback_category_id) VALUES (27, 1);
INSERT INTO opinion_feedback_category (opinion_id, feedback_category_id) VALUES (27, 4);
INSERT INTO opinion_feedback_category (opinion_id, feedback_category_id) VALUES (28, 4);
INSERT INTO opinion_feedback_category (opinion_id, feedback_category_id) VALUES (28, 1);
INSERT INTO opinion_feedback_category (opinion_id, feedback_category_id) VALUES (29, 2);
INSERT INTO opinion_feedback_category (opinion_id, feedback_category_id) VALUES (30, 3);
INSERT INTO opinion_feedback_category (opinion_id, feedback_category_id) VALUES (30, 1);
INSERT INTO opinion_feedback_category (opinion_id, feedback_category_id) VALUES (31, 2);
INSERT INTO opinion_feedback_category (opinion_id, feedback_category_id) VALUES (31, 1);
INSERT INTO opinion_feedback_category (opinion_id, feedback_category_id) VALUES (32, 4);
INSERT INTO opinion_feedback_category (opinion_id, feedback_category_id) VALUES (33, 3);
INSERT INTO opinion_feedback_category (opinion_id, feedback_category_id) VALUES (34, 3);
INSERT INTO opinion_feedback_category (opinion_id, feedback_category_id) VALUES (34, 4);
INSERT INTO opinion_feedback_category (opinion_id, feedback_category_id) VALUES (35, 2);
INSERT INTO opinion_feedback_category (opinion_id, feedback_category_id) VALUES (36, 1);
INSERT INTO opinion_feedback_category (opinion_id, feedback_category_id) VALUES (37, 4);
INSERT INTO opinion_feedback_category (opinion_id, feedback_category_id) VALUES (37, 2);
INSERT INTO opinion_feedback_category (opinion_id, feedback_category_id) VALUES (38, 4);
INSERT INTO opinion_feedback_category (opinion_id, feedback_category_id) VALUES (38, 3);
INSERT INTO opinion_feedback_category (opinion_id, feedback_category_id) VALUES (39, 1);
INSERT INTO opinion_feedback_category (opinion_id, feedback_category_id) VALUES (40, 1);
INSERT INTO opinion_feedback_category (opinion_id, feedback_category_id) VALUES (40, 4);
INSERT INTO opinion_feedback_category (opinion_id, feedback_category_id) VALUES (41, 2);
INSERT INTO opinion_feedback_category (opinion_id, feedback_category_id) VALUES (42, 1);
INSERT INTO opinion_feedback_category (opinion_id, feedback_category_id) VALUES (43, 1);
INSERT INTO opinion_feedback_category (opinion_id, feedback_category_id) VALUES (43, 3);
INSERT INTO opinion_feedback_category (opinion_id, feedback_category_id) VALUES (44, 4);
INSERT INTO opinion_feedback_category (opinion_id, feedback_category_id) VALUES (45, 4);
INSERT INTO opinion_feedback_category (opinion_id, feedback_category_id) VALUES (45, 1);
INSERT INTO opinion_feedback_category (opinion_id, feedback_category_id) VALUES (46, 3);
INSERT INTO opinion_feedback_category (opinion_id, feedback_category_id) VALUES (47, 2);
INSERT INTO opinion_feedback_category (opinion_id, feedback_category_id) VALUES (47, 3);
INSERT INTO opinion_feedback_category (opinion_id, feedback_category_id) VALUES (48, 1);
INSERT INTO opinion_feedback_category (opinion_id, feedback_category_id) VALUES (49, 4);
INSERT INTO opinion_feedback_category (opinion_id, feedback_category_id) VALUES (50, 4);
INSERT INTO opinion_feedback_category (opinion_id, feedback_category_id) VALUES (50, 3);
INSERT INTO opinion_feedback_category (opinion_id, feedback_category_id) VALUES (51, 1);
INSERT INTO opinion_feedback_category (opinion_id, feedback_category_id) VALUES (52, 2);
INSERT INTO opinion_feedback_category (opinion_id, feedback_category_id) VALUES (52, 4);
INSERT INTO opinion_feedback_category (opinion_id, feedback_category_id) VALUES (53, 3);
INSERT INTO opinion_feedback_category (opinion_id, feedback_category_id) VALUES (53, 1);
INSERT INTO opinion_feedback_category (opinion_id, feedback_category_id) VALUES (54, 2);
INSERT INTO opinion_feedback_category (opinion_id, feedback_category_id) VALUES (55, 2);
INSERT INTO opinion_feedback_category (opinion_id, feedback_category_id) VALUES (56, 2);
INSERT INTO opinion_feedback_category (opinion_id, feedback_category_id) VALUES (57, 3);
INSERT INTO opinion_feedback_category (opinion_id, feedback_category_id) VALUES (57, 1);
INSERT INTO opinion_feedback_category (opinion_id, feedback_category_id) VALUES (58, 3);
INSERT INTO opinion_feedback_category (opinion_id, feedback_category_id) VALUES (59, 4);
INSERT INTO opinion_feedback_category (opinion_id, feedback_category_id) VALUES (59, 2);
INSERT INTO opinion_feedback_category (opinion_id, feedback_category_id) VALUES (60, 4);


